,Unnamed: 0,Unnamed: 0.1,Unnamed: 0.1.1,Unnamed: 0.1.1.1,topic,problem,status,link
0,0,0,0,0,,,,
1,1,1,1,1,Array,Reverse the array,Y,https://www.geeksforgeeks.org/write-a-program-to-reverse-an-array-or-string/
2,2,2,2,2,Array,Find the maximum and minimum element in an array,Y,https://www.geeksforgeeks.org/maximum-and-minimum-in-an-array/
3,3,3,3,3,Array,"Find the ""Kth"" max and min element of an array ",Y,https://practice.geeksforgeeks.org/problems/kth-smallest-element/0
4,4,4,4,4,Array,"Given an array which consists of only 0, 1 and 2. Sort the array without using any sorting algo",Y,https://practice.geeksforgeeks.org/problems/sort-an-array-of-0s-1s-and-2s/0
5,5,5,5,5,Array,Move all the negative elements to one side of the array ,Y,https://www.geeksforgeeks.org/move-negative-numbers-beginning-positive-end-constant-extra-space/
6,6,6,6,6,Array,Find the Union and Intersection of the two sorted arrays.,Y,https://practice.geeksforgeeks.org/problems/union-of-two-arrays/0
7,7,7,7,7,Array,Write a program to cyclically rotate an array by one.,Y,https://practice.geeksforgeeks.org/problems/cyclically-rotate-an-array-by-one/0
8,8,8,8,8,Array,find Largest sum contiguous Subarray [V. IMP],Y,https://practice.geeksforgeeks.org/problems/kadanes-algorithm/0
9,9,9,9,9,Array,Minimise the maximum difference between heights [V.IMP],Y,https://practice.geeksforgeeks.org/problems/minimize-the-heights3351/1
10,10,10,10,10,Array,Minimum no. of Jumps to reach end of an array,N,https://practice.geeksforgeeks.org/problems/minimum-number-of-jumps/0
11,11,11,11,11,Array,find duplicate in an array of N+1 Integers,N,https://leetcode.com/problems/find-the-duplicate-number/
12,12,12,12,12,Array,Merge 2 sorted arrays without using Extra space.,N,https://practice.geeksforgeeks.org/problems/merge-two-sorted-arrays5135/1
13,13,13,13,13,Array,Kadane's Algo [V.V.V.V.V IMP],N,https://practice.geeksforgeeks.org/problems/kadanes-algorithm/0
14,14,14,14,14,Array,Merge Intervals,N,https://leetcode.com/problems/merge-intervals/
15,15,15,15,15,Array,Next Permutation,N,https://leetcode.com/problems/next-permutation/
16,16,16,16,16,Array,Count Inversion,N,https://practice.geeksforgeeks.org/problems/inversion-of-array/0
17,17,17,17,17,Array,Best time to buy and Sell stock,N,https://leetcode.com/problems/best-time-to-buy-and-sell-stock/
18,18,18,18,18,Array,find all pairs on integer array whose sum is equal to given number,N,https://practice.geeksforgeeks.org/problems/count-pairs-with-given-sum5022/1
19,19,19,19,19,Array,find common elements In 3 sorted arrays,N,https://practice.geeksforgeeks.org/problems/common-elements1132/1
20,20,20,20,20,Array,Rearrange the array in alternating positive and negative items with O(1) extra space,N,https://www.geeksforgeeks.org/rearrange-array-alternating-positive-negative-items-o1-extra-space/
21,21,21,21,21,Array,Find if there is any subarray with sum equal to 0,N,https://practice.geeksforgeeks.org/problems/subarray-with-0-sum/0
22,22,22,22,22,Array,Find factorial of a large number,N,https://practice.geeksforgeeks.org/problems/factorials-of-large-numbers/0
23,23,23,23,23,Array,find maximum product subarray ,N,https://practice.geeksforgeeks.org/problems/maximum-product-subarray3604/1
24,24,24,24,24,Array,Find longest coinsecutive subsequence,N,https://practice.geeksforgeeks.org/problems/longest-consecutive-subsequence/0
25,25,25,25,25,Array,"Given an array of size n and a number k, fin all elements that appear more than "" n/k "" times.",N,https://www.geeksforgeeks.org/given-an-array-of-of-size-n-finds-all-the-elements-that-appear-more-than-nk-times/
26,26,26,26,26,Array,Maximum profit by buying and selling a share atmost twice,N,https://www.geeksforgeeks.org/maximum-profit-by-buying-and-selling-a-share-at-most-twice/
27,27,27,27,27,Array,Find whether an array is a subset of another array,N,https://practice.geeksforgeeks.org/problems/array-subset-of-another-array/0
28,28,28,28,28,Array,Find the triplet that sum to a given value,N,https://practice.geeksforgeeks.org/problems/triplet-sum-in-array/0
29,29,29,29,29,Array,Trapping Rain water problem,N,https://practice.geeksforgeeks.org/problems/trapping-rain-water/0
30,30,30,30,30,Array,Chocolate Distribution problem,N,https://practice.geeksforgeeks.org/problems/chocolate-distribution-problem/0
31,31,31,31,31,Array,Smallest Subarray with sum greater than a given value,N,https://practice.geeksforgeeks.org/problems/smallest-subarray-with-sum-greater-than-x/0
32,32,32,32,32,Array,Three way partitioning of an array around a given value,N,https://practice.geeksforgeeks.org/problems/three-way-partitioning/1
33,33,33,33,33,Array,Minimum swaps required bring elements less equal K together,N,https://practice.geeksforgeeks.org/problems/minimum-swaps-required-to-bring-all-elements-less-than-or-equal-to-k-together/0
34,34,34,34,34,Array,Minimum no. of operations required to make an array palindrome,N,https://practice.geeksforgeeks.org/problems/palindromic-array/0
35,35,35,35,35,Array,Median of 2 sorted arrays of equal size,N,https://practice.geeksforgeeks.org/problems/find-the-median0527/1
36,36,36,36,36,Array,Median of 2 sorted arrays of different size,N,https://www.geeksforgeeks.org/median-of-two-sorted-arrays-of-different-sizes/
37,37,37,37,37,,,N,
38,38,38,38,38,,,N,
39,39,39,39,39,Matrix,Spiral traversal on a Matrix,N,https://practice.geeksforgeeks.org/problems/spirally-traversing-a-matrix/0
40,40,40,40,40,Matrix,Search an element in a matriix,N,https://leetcode.com/problems/search-a-2d-matrix/
41,41,41,41,41,Matrix,Find median in a row wise sorted matrix,N,https://practice.geeksforgeeks.org/problems/median-in-a-row-wise-sorted-matrix1527/1
42,42,42,42,42,Matrix,Find row with maximum no. of 1's,N,https://practice.geeksforgeeks.org/problems/row-with-max-1s0023/1
43,43,43,43,43,Matrix,Print elements in sorted order using row-column wise sorted matrix,N,https://practice.geeksforgeeks.org/problems/sorted-matrix/0
44,44,44,44,44,Matrix,Maximum size rectangle,N,https://practice.geeksforgeeks.org/problems/max-rectangle/1
45,45,45,45,45,Matrix,Find a specific pair in matrix,N,https://www.geeksforgeeks.org/find-a-specific-pair-in-matrix/
46,46,46,46,46,Matrix,Rotate matrix by 90 degrees,N,https://www.geeksforgeeks.org/rotate-a-matrix-by-90-degree-in-clockwise-direction-without-using-any-extra-space/
47,47,47,47,47,Matrix,Kth smallest element in a row-cpumn wise sorted matrix,N,https://practice.geeksforgeeks.org/problems/kth-element-in-matrix/1
48,48,48,48,48,Matrix,Common elements in all rows of a given matrix,N,https://www.geeksforgeeks.org/common-elements-in-all-rows-of-a-given-matrix/
49,49,49,49,49,,,,
50,50,50,50,50,,,,
51,51,51,51,51,String,Reverse a String,Y,https://leetcode.com/problems/reverse-string/
52,52,52,52,52,String,Check whether a String is Palindrome or not,Y,https://practice.geeksforgeeks.org/problems/palindrome-string0817/1
53,53,53,53,53,String,Find Duplicate characters in a string,Y,https://www.geeksforgeeks.org/print-all-the-duplicates-in-the-input-string/
54,54,54,54,54,String,Why strings are immutable in Java?,N,
55,55,55,55,55,String,Write a Code to check whether one string is a rotation of another,Y,https://www.geeksforgeeks.org/a-program-to-check-if-strings-are-rotations-of-each-other/
56,56,56,56,56,String,Write a Program to check whether a string is a valid shuffle of two strings or not,Y,https://www.programiz.com/java-programming/examples/check-valid-shuffle-of-strings
57,57,57,57,57,String,Count and Say problem,N,https://leetcode.com/problems/count-and-say/
58,58,58,58,58,String,Write a program to find the longest Palindrome in a string.[ Longest palindromic Substring],Y,https://practice.geeksforgeeks.org/problems/longest-palindrome-in-a-string/0
59,59,59,59,59,String,Find Longest Recurring Subsequence in String,N,https://practice.geeksforgeeks.org/problems/longest-repeating-subsequence/0
60,60,60,60,60,String,Print all Subsequences of a string.,N,https://www.geeksforgeeks.org/print-subsequences-string/
61,61,61,61,61,String,Print all the permutations of the given string,N,https://practice.geeksforgeeks.org/problems/permutations-of-a-given-string/0
62,62,62,62,62,String,Split the Binary string into two substring with equal 0’s and 1’s,N,https://www.geeksforgeeks.org/split-the-binary-string-into-substrings-with-equal-number-of-0s-and-1s/
63,63,63,63,63,String,Word Wrap Problem [VERY IMP].,N,https://practice.geeksforgeeks.org/problems/word-wrap/0
64,64,64,64,64,String,EDIT Distance [Very Imp],N,https://practice.geeksforgeeks.org/problems/edit-distance3702/1
65,65,65,65,65,String,Find next greater number with same set of digits. [Very Very IMP],N,https://practice.geeksforgeeks.org/problems/next-permutation/0
66,66,66,66,66,String,Balanced Parenthesis problem.[Imp],N,https://practice.geeksforgeeks.org/problems/parenthesis-checker/0
67,67,67,67,67,String,Word break Problem[ Very Imp],N,https://practice.geeksforgeeks.org/problems/word-break/0
68,68,68,68,68,String,Rabin Karp Algo,N,https://www.geeksforgeeks.org/rabin-karp-algorithm-for-pattern-searching/
69,69,69,69,69,String,KMP Algo,N,https://practice.geeksforgeeks.org/problems/longest-prefix-suffix2527/1
70,70,70,70,70,String,Convert a Sentence into its equivalent mobile numeric keypad sequence.,N,https://www.geeksforgeeks.org/convert-sentence-equivalent-mobile-numeric-keypad-sequence/
71,71,71,71,71,String,Minimum number of bracket reversals needed to make an expression balanced.,N,https://practice.geeksforgeeks.org/problems/count-the-reversals/0
72,72,72,72,72,String,Count All Palindromic Subsequence in a given String.,N,https://practice.geeksforgeeks.org/problems/count-palindromic-subsequences/1
73,73,73,73,73,String,Count of number of given string in 2D character array,N,https://www.geeksforgeeks.org/find-count-number-given-string-present-2d-character-array/
74,74,74,74,74,String,Search a Word in a 2D Grid of characters.,N,https://practice.geeksforgeeks.org/problems/find-the-string-in-grid/0
75,75,75,75,75,String,Boyer Moore Algorithm for Pattern Searching.,N,https://www.geeksforgeeks.org/boyer-moore-algorithm-for-pattern-searching/
76,76,76,76,76,String,Converting Roman Numerals to Decimal,N,https://practice.geeksforgeeks.org/problems/roman-number-to-integer/0
77,77,77,77,77,String,Longest Common Prefix,N,https://leetcode.com/problems/longest-common-prefix/
78,78,78,78,78,String,Number of flips to make binary string alternate,N,https://practice.geeksforgeeks.org/problems/min-number-of-flips/0
79,79,79,79,79,String,Find the first repeated word in string.,N,https://practice.geeksforgeeks.org/problems/second-most-repeated-string-in-a-sequence/0
80,80,80,80,80,String,Minimum number of swaps for bracket balancing.,N,https://practice.geeksforgeeks.org/problems/minimum-swaps-for-bracket-balancing/0
81,81,81,81,81,String,Find the longest common subsequence between two strings.,N,https://practice.geeksforgeeks.org/problems/longest-common-subsequence/0
82,82,82,82,82,String,Program to generate all possible valid IP addresses from given  string.,N,https://www.geeksforgeeks.org/program-generate-possible-valid-ip-addresses-given-string/
83,83,83,83,83,String,Write a program tofind the smallest window that contains all characters of string itself.,N,https://practice.geeksforgeeks.org/problems/smallest-distant-window/0
84,84,84,84,84,String,Rearrange characters in a string such that no two adjacent are same,N,https://practice.geeksforgeeks.org/problems/rearrange-characters/0
85,85,85,85,85,String,Minimum characters to be added at front to make string palindrome,N,https://www.geeksforgeeks.org/minimum-characters-added-front-make-string-palindrome/
86,86,86,86,86,String,"Given a sequence of words, print all anagrams together",N,https://practice.geeksforgeeks.org/problems/k-anagrams-1/0
87,87,87,87,87,String,Find the smallest window in a string containing all characters of another string,N,https://practice.geeksforgeeks.org/problems/smallest-window-in-a-string-containing-all-the-characters-of-another-string/0
88,88,88,88,88,String,Recursively remove all adjacent duplicates,N,https://practice.geeksforgeeks.org/problems/consecutive-elements/0
89,89,89,89,89,String,String matching where one string contains wildcard characters,N,https://practice.geeksforgeeks.org/problems/wildcard-string-matching/0
90,90,90,90,90,String,Function to find Number of customers who could not get a computer,N,https://www.geeksforgeeks.org/function-to-find-number-of-customers-who-could-not-get-a-computer/
91,91,91,91,91,String,Transform One String to Another using Minimum Number of Given Operation,N,https://www.geeksforgeeks.org/transform-one-string-to-another-using-minimum-number-of-given-operation/
92,92,92,92,92,String,Check if two given strings are isomorphic to each other,N,https://practice.geeksforgeeks.org/problems/isomorphic-strings/0
93,93,93,93,93,String,Recursively print all sentences that can be formed from list of word lists,N,https://www.geeksforgeeks.org/recursively-print-all-sentences-that-can-be-formed-from-list-of-word-lists/
94,94,94,94,94,,,,
95,95,95,95,95,,,,
96,96,96,96,96,Searching & Sorting,Find first and last positions of an element in a sorted array,N,https://practice.geeksforgeeks.org/problems/first-and-last-occurrences-of-x/0
97,97,97,97,97,Searching & Sorting,Find a Fixed Point (Value equal to index) in a given array,N,https://practice.geeksforgeeks.org/problems/value-equal-to-index-value1330/1
98,98,98,98,98,Searching & Sorting,Search in a rotated sorted array,N,https://leetcode.com/problems/search-in-rotated-sorted-array/
99,99,99,99,99,Searching & Sorting,square root of an integer,N,https://practice.geeksforgeeks.org/problems/count-squares3649/1
100,100,100,100,100,Searching & Sorting,Maximum and minimum of an array using minimum number of comparisons,N,https://practice.geeksforgeeks.org/problems/middle-of-three2926/1
101,101,101,101,101,Searching & Sorting,Optimum location of point to minimize total distance,N,https://www.geeksforgeeks.org/optimum-location-point-minimize-total-distance/
102,102,102,102,102,Searching & Sorting,Find the repeating and the missing,N,https://practice.geeksforgeeks.org/problems/find-missing-and-repeating2512/1
103,103,103,103,103,Searching & Sorting,find majority element,N,https://practice.geeksforgeeks.org/problems/majority-element/0
104,104,104,104,104,Searching & Sorting,Searching in an array where adjacent differ by at most k,N,https://www.geeksforgeeks.org/searching-array-adjacent-differ-k/
105,105,105,105,105,Searching & Sorting,find a pair with a given difference,N,https://practice.geeksforgeeks.org/problems/find-pair-given-difference/0
106,106,106,106,106,Searching & Sorting,find four elements that sum to a given value,N,https://practice.geeksforgeeks.org/problems/find-all-four-sum-numbers/0
107,107,107,107,107,Searching & Sorting,maximum sum such that no 2 elements are adjacent,N,https://practice.geeksforgeeks.org/problems/stickler-theif/0
108,108,108,108,108,Searching & Sorting,Count triplet with sum smaller than a given value,N,https://practice.geeksforgeeks.org/problems/count-triplets-with-sum-smaller-than-x5549/1
109,109,109,109,109,Searching & Sorting,merge 2 sorted arrays,N,https://practice.geeksforgeeks.org/problems/merge-two-sorted-arrays5135/1
110,110,110,110,110,Searching & Sorting,print all subarrays with 0 sum,N,https://practice.geeksforgeeks.org/problems/zero-sum-subarrays/0
111,111,111,111,111,Searching & Sorting,Product array Puzzle,N,https://practice.geeksforgeeks.org/problems/product-array-puzzle/0
112,112,112,112,112,Searching & Sorting,Sort array according to count of set bits,N,https://practice.geeksforgeeks.org/problems/sort-by-set-bit-count/0
113,113,113,113,113,Searching & Sorting,minimum no. of swaps required to sort the array,N,https://practice.geeksforgeeks.org/problems/minimum-swaps/1
114,114,114,114,114,Searching & Sorting,Bishu and Soldiers,N,https://www.hackerearth.com/practice/algorithms/searching/binary-search/practice-problems/algorithm/bishu-and-soldiers/
115,115,115,115,115,Searching & Sorting,Rasta and Kheshtak,N,https://www.hackerearth.com/practice/algorithms/searching/binary-search/practice-problems/algorithm/rasta-and-kheshtak/
116,116,116,116,116,Searching & Sorting,Kth smallest number again,N,https://www.hackerearth.com/practice/algorithms/searching/binary-search/practice-problems/algorithm/kth-smallest-number-again-2/
117,117,117,117,117,Searching & Sorting,Find pivot element in a sorted array,N,http://theoryofprogramming.com/2017/12/16/find-pivot-element-sorted-rotated-array/
118,118,118,118,118,Searching & Sorting,K-th Element of Two Sorted Arrays,N,https://practice.geeksforgeeks.org/problems/k-th-element-of-two-sorted-array/0
119,119,119,119,119,Searching & Sorting,Aggressive cows,N,https://www.spoj.com/problems/AGGRCOW/
120,120,120,120,120,Searching & Sorting,Book Allocation Problem,N,https://practice.geeksforgeeks.org/problems/allocate-minimum-number-of-pages/0
121,121,121,121,121,Searching & Sorting,EKOSPOJ:,N,https://www.spoj.com/problems/EKO/
122,122,122,122,122,Searching & Sorting,Job Scheduling Algo,N,https://www.geeksforgeeks.org/weighted-job-scheduling-log-n-time/
123,123,123,123,123,Searching & Sorting,Missing Number in AP,N,https://practice.geeksforgeeks.org/problems/arithmetic-number/0
124,124,124,124,124,Searching & Sorting,Smallest number with atleastn trailing zeroes infactorial,N,https://practice.geeksforgeeks.org/problems/smallest-factorial-number5929/1
125,125,125,125,125,Searching & Sorting,Painters Partition Problem:,N,https://practice.geeksforgeeks.org/problems/allocate-minimum-number-of-pages/0
126,126,126,126,126,Searching & Sorting,ROTI-Prata SPOJ,N,https://www.spoj.com/problems/PRATA/
127,127,127,127,127,Searching & Sorting,DoubleHelix SPOJ,N,https://www.spoj.com/problems/ANARC05B/
128,128,128,128,128,Searching & Sorting,Subset Sums,N,https://www.spoj.com/problems/SUBSUMS/
129,129,129,129,129,Searching & Sorting,Findthe inversion count,N,https://practice.geeksforgeeks.org/problems/inversion-of-array/0
130,130,130,130,130,Searching & Sorting,Implement Merge-sort in-place,N,https://www.geeksforgeeks.org/in-place-merge-sort/
131,131,131,131,131,Searching & Sorting,Partitioning and Sorting Arrays with Many Repeated Entries,N,https://www.baeldung.com/java-sorting-arrays-with-repeated-entries
132,132,132,132,132,,,,
133,133,133,133,133,,,,
134,134,134,134,134,LinkedList,Write a Program to reverse the Linked List. (Both Iterative and recursive),N,https://www.geeksforgeeks.org/reverse-a-linked-list/
135,135,135,135,135,LinkedList,Reverse a Linked List in group of Given Size. [Very Imp],N,https://practice.geeksforgeeks.org/problems/reverse-a-linked-list-in-groups-of-given-size/1
136,136,136,136,136,LinkedList,Write a program to Detect loop in a linked list.,N,https://practice.geeksforgeeks.org/problems/detect-loop-in-linked-list/1
137,137,137,137,137,LinkedList,Write a program to Delete loop in a linked list.,N,https://practice.geeksforgeeks.org/problems/remove-loop-in-linked-list/1
138,138,138,138,138,LinkedList,Find the starting point of the loop. ,N,https://www.geeksforgeeks.org/find-first-node-of-loop-in-a-linked-list/
139,139,139,139,139,LinkedList,Remove Duplicates in a sorted Linked List.,N,https://practice.geeksforgeeks.org/problems/remove-duplicate-element-from-sorted-linked-list/1
140,140,140,140,140,LinkedList,Remove Duplicates in a Un-sorted Linked List.,N,https://practice.geeksforgeeks.org/problems/remove-duplicates-from-an-unsorted-linked-list/1
141,141,141,141,141,LinkedList,Write a Program to Move the last element to Front in a Linked List.,N,https://www.geeksforgeeks.org/move-last-element-to-front-of-a-given-linked-list/
142,142,142,142,142,LinkedList,Add “1” to a number represented as a Linked List.,N,https://practice.geeksforgeeks.org/problems/add-1-to-a-number-represented-as-linked-list/1
143,143,143,143,143,LinkedList,Add two numbers represented by linked lists.,N,https://practice.geeksforgeeks.org/problems/add-two-numbers-represented-by-linked-lists/1
144,144,144,144,144,LinkedList,Intersection of two Sorted Linked List.,N,https://practice.geeksforgeeks.org/problems/intersection-of-two-sorted-linked-lists/1
145,145,145,145,145,LinkedList,Intersection Point of two Linked Lists.,N,https://practice.geeksforgeeks.org/problems/intersection-point-in-y-shapped-linked-lists/1
146,146,146,146,146,LinkedList,Merge Sort For Linked lists.[Very Important],N,https://practice.geeksforgeeks.org/problems/sort-a-linked-list/1
147,147,147,147,147,LinkedList,Quicksort for Linked Lists.[Very Important],N,https://practice.geeksforgeeks.org/problems/quick-sort-on-linked-list/1
148,148,148,148,148,LinkedList,Find the middle Element of a linked list.,N,https://leetcode.com/problems/middle-of-the-linked-list/
149,149,149,149,149,LinkedList,Check if a linked list is a circular linked list.,N,https://practice.geeksforgeeks.org/problems/circular-linked-list/1
150,150,150,150,150,LinkedList,Split a Circular linked list into two halves.,N,https://practice.geeksforgeeks.org/problems/split-a-circular-linked-list-into-two-halves/1
151,151,151,151,151,LinkedList,Write a Program to check whether the Singly Linked list is a palindrome or not.,N,https://practice.geeksforgeeks.org/problems/check-if-linked-list-is-pallindrome/1
152,152,152,152,152,LinkedList,Deletion from a Circular Linked List.,N,https://www.geeksforgeeks.org/deletion-circular-linked-list/
153,153,153,153,153,LinkedList,Reverse a Doubly Linked list.,N,https://practice.geeksforgeeks.org/problems/reverse-a-doubly-linked-list/1
154,154,154,154,154,LinkedList,Find pairs with a given sum in a DLL.,N,https://www.geeksforgeeks.org/find-pairs-given-sum-doubly-linked-list/
155,155,155,155,155,LinkedList,Count triplets in a sorted DLL whose sum is equal to given value “X”.,N,https://www.geeksforgeeks.org/count-triplets-sorted-doubly-linked-list-whose-sum-equal-given-value-x/
156,156,156,156,156,LinkedList,Sort a “k”sorted Doubly Linked list.[Very IMP],N,https://www.geeksforgeeks.org/sort-k-sorted-doubly-linked-list/
157,157,157,157,157,LinkedList,Rotate DoublyLinked list by N nodes.,N,https://www.geeksforgeeks.org/rotate-doubly-linked-list-n-nodes/
158,158,158,158,158,LinkedList,Rotate a Doubly Linked list in group of Given Size.[Very IMP],N,https://www.geeksforgeeks.org/reverse-doubly-linked-list-groups-given-size/
159,159,159,159,159,LinkedList,Can we reverse a linked list in less than O(n) ?,N,
160,160,160,160,160,LinkedList,Why Quicksort is preferred for. Arrays and Merge Sort for LinkedLists ?,N,
161,161,161,161,161,LinkedList,Flatten a Linked List,N,https://practice.geeksforgeeks.org/problems/flattening-a-linked-list/1
162,162,162,162,162,LinkedList,"Sort a LL of 0's, 1's and 2's",N,https://practice.geeksforgeeks.org/problems/given-a-linked-list-of-0s-1s-and-2s-sort-it/1
163,163,163,163,163,LinkedList,Clone a linked list with next and random pointer,N,https://practice.geeksforgeeks.org/problems/clone-a-linked-list-with-next-and-random-pointer/1
164,164,164,164,164,LinkedList,Merge K sorted Linked list,N,https://practice.geeksforgeeks.org/problems/merge-k-sorted-linked-lists/1
165,165,165,165,165,LinkedList,Multiply 2 no. represented by LL,N,https://practice.geeksforgeeks.org/problems/multiply-two-linked-lists/1
166,166,166,166,166,LinkedList,Delete nodes which have a greater value on right side,N,https://practice.geeksforgeeks.org/problems/delete-nodes-having-greater-value-on-right/1
167,167,167,167,167,LinkedList,Segregate even and odd nodes in a Linked List,N,https://practice.geeksforgeeks.org/problems/segregate-even-and-odd-nodes-in-a-linked-list/0
168,168,168,168,168,LinkedList,Program for n’th node from the end of a Linked List,N,https://practice.geeksforgeeks.org/problems/nth-node-from-end-of-linked-list/1
169,169,169,169,169,LinkedList,Find the first non-repeating character from a stream of characters,N,https://practice.geeksforgeeks.org/problems/first-non-repeating-character-in-a-stream/0
170,170,170,170,170,,,,
171,171,171,171,171,,,,
172,172,172,172,172,Binary Trees,level order traversal,Y,https://practice.geeksforgeeks.org/problems/level-order-traversal/1
173,173,173,173,173,Binary Trees,Reverse Level Order traversal,Y,https://practice.geeksforgeeks.org/problems/reverse-level-order-traversal/1
174,174,174,174,174,Binary Trees,Height of a tree,N,https://practice.geeksforgeeks.org/problems/height-of-binary-tree/1
175,175,175,175,175,Binary Trees,Diameter of a tree,N,https://practice.geeksforgeeks.org/problems/diameter-of-binary-tree/1
176,176,176,176,176,Binary Trees,Mirror of a tree,N,https://www.geeksforgeeks.org/create-a-mirror-tree-from-the-given-binary-tree/
177,177,177,177,177,Binary Trees,Inorder Traversal of a tree both using recursion and Iteration,N,https://www.techiedelight.com/inorder-tree-traversal-iterative-recursive/
178,178,178,178,178,Binary Trees,Preorder Traversal of a tree both using recursion and Iteration,N,https://www.techiedelight.com/preorder-tree-traversal-iterative-recursive/
179,179,179,179,179,Binary Trees,Postorder Traversal of a tree both using recursion and Iteration,N,https://www.techiedelight.com/postorder-tree-traversal-iterative-recursive/
180,180,180,180,180,Binary Trees,Left View of a tree,N,https://practice.geeksforgeeks.org/problems/left-view-of-binary-tree/1
181,181,181,181,181,Binary Trees,Right View of Tree,N,https://practice.geeksforgeeks.org/problems/right-view-of-binary-tree/1
182,182,182,182,182,Binary Trees,Top View of a tree,N,https://practice.geeksforgeeks.org/problems/top-view-of-binary-tree/1
183,183,183,183,183,Binary Trees,Bottom View of a tree,N,https://practice.geeksforgeeks.org/problems/bottom-view-of-binary-tree/1
184,184,184,184,184,Binary Trees,Zig-Zag traversal of a binary tree,N,https://practice.geeksforgeeks.org/problems/zigzag-tree-traversal/1
185,185,185,185,185,Binary Trees,Check if a tree is balanced or not,N,https://practice.geeksforgeeks.org/problems/check-for-balanced-tree/1
186,186,186,186,186,Binary Trees,Diagnol Traversal of a Binary tree,N,https://www.geeksforgeeks.org/diagonal-traversal-of-binary-tree/
187,187,187,187,187,Binary Trees,Boundary traversal of a Binary tree,N,https://practice.geeksforgeeks.org/problems/boundary-traversal-of-binary-tree/1
188,188,188,188,188,Binary Trees,Construct Binary Tree from String with Bracket Representation,N,https://www.geeksforgeeks.org/construct-binary-tree-string-bracket-representation/
189,189,189,189,189,Binary Trees,Convert Binary tree into Doubly Linked List,N,https://practice.geeksforgeeks.org/problems/binary-tree-to-dll/1
190,190,190,190,190,Binary Trees,Convert Binary tree into Sum tree,N,https://practice.geeksforgeeks.org/problems/transform-to-sum-tree/1
191,191,191,191,191,Binary Trees,Construct Binary tree from Inorder and preorder traversal,N,https://practice.geeksforgeeks.org/problems/construct-tree-1/1
192,192,192,192,192,Binary Trees,Find minimum swaps required to convert a Binary tree into BST,N,https://www.geeksforgeeks.org/minimum-swap-required-convert-binary-tree-binary-search-tree/
193,193,193,193,193,Binary Trees,Check if Binary tree is Sum tree or not,N,https://practice.geeksforgeeks.org/problems/sum-tree/1
194,194,194,194,194,Binary Trees,Check if all leaf nodes are at same level or not,N,https://practice.geeksforgeeks.org/problems/leaf-at-same-level/1
195,195,195,195,195,Binary Trees,Check if a Binary Tree contains duplicate subtrees of size 2 or more [ IMP ],N,https://practice.geeksforgeeks.org/problems/duplicate-subtree-in-binary-tree/1
196,196,196,196,196,Binary Trees,Check if 2 trees are mirror or not,N,https://practice.geeksforgeeks.org/problems/check-mirror-in-n-ary-tree/0
197,197,197,197,197,Binary Trees,Sum of Nodes on the Longest path from root to leaf node ,N,https://practice.geeksforgeeks.org/problems/sum-of-the-longest-bloodline-of-a-tree/1
198,198,198,198,198,Binary Trees,Check if given graph is tree or not.  [ IMP ],N,https://www.geeksforgeeks.org/check-given-graph-tree/
199,199,199,199,199,Binary Trees,Find Largest subtree sum in a tree,N,https://www.geeksforgeeks.org/find-largest-subtree-sum-tree/
200,200,200,200,200,Binary Trees,Maximum Sum of nodes in Binary tree such that no two are adjacent ,N,https://www.geeksforgeeks.org/maximum-sum-nodes-binary-tree-no-two-adjacent/
201,201,201,201,201,Binary Trees,"Print all ""K"" Sum paths in a Binary tree",N,https://www.geeksforgeeks.org/print-k-sum-paths-binary-tree/
202,202,202,202,202,Binary Trees,Find LCA in a Binary tree,N,https://practice.geeksforgeeks.org/problems/lowest-common-ancestor-in-a-binary-tree/1
203,203,203,203,203,Binary Trees,Find distance between 2 nodes in a Binary tree,N,https://practice.geeksforgeeks.org/problems/min-distance-between-two-given-nodes-of-a-binary-tree/1
204,204,204,204,204,Binary Trees,Kth Ancestor of node in a Binary tree,N,https://www.geeksforgeeks.org/kth-ancestor-node-binary-tree-set-2/
205,205,205,205,205,Binary Trees,Find all Duplicate subtrees in a Binary tree [ IMP ],N,https://practice.geeksforgeeks.org/problems/duplicate-subtrees/1
206,206,206,206,206,Binary Trees,Tree Isomorphism Problem,N,https://practice.geeksforgeeks.org/problems/check-if-tree-is-isomorphic/1
207,207,207,207,207,,,,
208,208,208,208,208,,,,
209,209,209,209,209,Binary Search Trees,Fina a value in a BST,N,https://www.geeksforgeeks.org/binary-search-tree-set-1-search-and-insertion/
210,210,210,210,210,Binary Search Trees,Deletion of a node in a BST,N,https://leetcode.com/problems/delete-node-in-a-bst/
211,211,211,211,211,Binary Search Trees,Find min and max value in a BST,N,https://practice.geeksforgeeks.org/problems/minimum-element-in-bst/1
212,212,212,212,212,Binary Search Trees,Find inorder successor and inorder predecessor in a BST,N,https://practice.geeksforgeeks.org/problems/predecessor-and-successor/1
213,213,213,213,213,Binary Search Trees,Check if a tree is a BST or not ,N,https://practice.geeksforgeeks.org/problems/check-for-bst/1
214,214,214,214,214,Binary Search Trees,Populate Inorder successor of all nodes,N,https://practice.geeksforgeeks.org/problems/populate-inorder-successor-for-all-nodes/1
215,215,215,215,215,Binary Search Trees,Find LCA  of 2 nodes in a BST,N,https://practice.geeksforgeeks.org/problems/lowest-common-ancestor-in-a-bst/1
216,216,216,216,216,Binary Search Trees,Construct BST from preorder traversal,N,https://www.geeksforgeeks.org/construct-bst-from-given-preorder-traversa/
217,217,217,217,217,Binary Search Trees,Convert Binary tree into BST,N,https://practice.geeksforgeeks.org/problems/binary-tree-to-bst/1
218,218,218,218,218,Binary Search Trees,Convert a normal BST into a Balanced BST,N,https://www.geeksforgeeks.org/convert-normal-bst-balanced-bst/
219,219,219,219,219,Binary Search Trees,Merge two BST [ V.V.V>IMP ],N,https://www.geeksforgeeks.org/merge-two-balanced-binary-search-trees/
220,220,220,220,220,Binary Search Trees,Find Kth largest element in a BST,N,https://practice.geeksforgeeks.org/problems/kth-largest-element-in-bst/1
221,221,221,221,221,Binary Search Trees,Find Kth smallest element in a BST,N,https://practice.geeksforgeeks.org/problems/find-k-th-smallest-element-in-bst/1
222,222,222,222,222,Binary Search Trees,"Count pairs from 2 BST whose sum is equal to given value ""X""",N,https://practice.geeksforgeeks.org/problems/brothers-from-different-root/1
223,223,223,223,223,Binary Search Trees,Find the median of BST in O(n) time and O(1) space,N,https://www.geeksforgeeks.org/find-median-bst-time-o1-space/
224,224,224,224,224,Binary Search Trees,Count BST ndoes that lie in a given range,N,https://practice.geeksforgeeks.org/problems/count-bst-nodes-that-lie-in-a-given-range/1
225,225,225,225,225,Binary Search Trees,Replace every element with the least greater element on its right,N,https://www.geeksforgeeks.org/replace-every-element-with-the-least-greater-element-on-its-right/
226,226,226,226,226,Binary Search Trees,"Given ""n"" appointments, find the conflicting appointments",N,https://www.geeksforgeeks.org/given-n-appointments-find-conflicting-appointments/
227,227,227,227,227,Binary Search Trees,Check preorder is valid or not,N,https://practice.geeksforgeeks.org/problems/preorder-to-postorder/0
228,228,228,228,228,Binary Search Trees,Check whether BST contains Dead end,N,https://practice.geeksforgeeks.org/problems/check-whether-bst-contains-dead-end/1
229,229,229,229,229,Binary Search Trees,Largest BST in a Binary Tree [ V.V.V.V.V IMP ],N,https://practice.geeksforgeeks.org/problems/largest-bst/1
230,230,230,230,230,Binary Search Trees,Flatten BST to sorted list,N,https://www.geeksforgeeks.org/flatten-bst-to-sorted-list-increasing-order/
231,231,231,231,231,,,,
232,232,232,232,232,,,,
233,233,233,233,233,Greedy,Activity Selection Problem,N,https://practice.geeksforgeeks.org/problems/n-meetings-in-one-room/0
234,234,234,234,234,Greedy,Job SequencingProblem,N,https://practice.geeksforgeeks.org/problems/job-sequencing-problem/0
235,235,235,235,235,Greedy,Huffman Coding,N,https://practice.geeksforgeeks.org/problems/huffman-encoding/0
236,236,236,236,236,Greedy,Water Connection Problem,N,https://practice.geeksforgeeks.org/problems/water-connection-problem/0
237,237,237,237,237,Greedy,Fractional Knapsack Problem,N,https://practice.geeksforgeeks.org/problems/fractional-knapsack/0
238,238,238,238,238,Greedy,Greedy Algorithm to find Minimum number of Coins,N,https://practice.geeksforgeeks.org/problems/coin-piles/0
239,239,239,239,239,Greedy,Maximum trains for which stoppage can be provided,N,https://www.geeksforgeeks.org/maximum-trains-stoppage-can-provided/
240,240,240,240,240,Greedy,Minimum Platforms Problem,N,https://practice.geeksforgeeks.org/problems/minimum-platforms/0
241,241,241,241,241,Greedy,Buy Maximum Stocks if i stocks can be bought on i-th day,N,https://www.geeksforgeeks.org/buy-maximum-stocks-stocks-can-bought-th-day/
242,242,242,242,242,Greedy,Find the minimum and maximum amount to buy all N candies,N,https://practice.geeksforgeeks.org/problems/shop-in-candy-store/0
243,243,243,243,243,Greedy,Minimize Cash Flow among a given set of friends who have borrowed money from each other,N,https://www.geeksforgeeks.org/minimize-cash-flow-among-given-set-friends-borrowed-money/
244,244,244,244,244,Greedy,Minimum Cost to cut a board into squares,Y,https://www.geeksforgeeks.org/minimum-cost-cut-board-squares/
245,245,245,245,245,Greedy,Check if it is possible to survive on Island,N,https://www.geeksforgeeks.org/survival/
246,246,246,246,246,Greedy,Find maximum meetings in one room,N,https://www.geeksforgeeks.org/find-maximum-meetings-in-one-room/
247,247,247,247,247,Greedy,Maximum product subset of an array,N,https://www.geeksforgeeks.org/maximum-product-subset-array/
248,248,248,248,248,Greedy,Maximize array sum after K negations,N,https://practice.geeksforgeeks.org/problems/maximize-sum-after-k-negations/0
249,249,249,249,249,Greedy,Maximize the sum of arr[i]*i,N,https://practice.geeksforgeeks.org/problems/maximize-arrii-of-an-array/0
250,250,250,250,250,Greedy,Maximum sum of absolute difference of an array,N,https://www.geeksforgeeks.org/maximum-sum-absolute-difference-array/
251,251,251,251,251,Greedy,Maximize sum of consecutive differences in a circular array,N,https://practice.geeksforgeeks.org/problems/swap-and-maximize/0
252,252,252,252,252,Greedy,Minimum sum of absolute difference of pairs of two arrays,N,https://www.geeksforgeeks.org/minimum-sum-absolute-difference-pairs-two-arrays/
253,253,253,253,253,Greedy,Program for Shortest Job First (or SJF) CPU Scheduling,Y,https://www.geeksforgeeks.org/program-for-shortest-job-first-or-sjf-cpu-scheduling-set-1-non-preemptive/
254,254,254,254,254,Greedy,Program for Least Recently Used (LRU) Page Replacement algorithm,N,https://practice.geeksforgeeks.org/problems/page-faults-in-lru/0
255,255,255,255,255,Greedy,Smallest subset with sum greater than all other elements,N,https://www.geeksforgeeks.org/smallest-subset-sum-greater-elements/
256,256,256,256,256,Greedy,Chocolate Distribution Problem,N,https://practice.geeksforgeeks.org/problems/chocolate-distribution-problem/0
257,257,257,257,257,Greedy,DEFKIN -Defense of a Kingdom,N,https://www.spoj.com/problems/DEFKIN/
258,258,258,258,258,Greedy,DIEHARD -DIE HARD,N,https://www.spoj.com/problems/DIEHARD/
259,259,259,259,259,Greedy,GERGOVIA -Wine trading in Gergovia,N,https://www.spoj.com/problems/GERGOVIA/
260,260,260,260,260,Greedy,Picking Up Chicks,N,https://www.spoj.com/problems/GCJ101BB/
261,261,261,261,261,Greedy,CHOCOLA –Chocolate,N,https://www.spoj.com/problems/CHOCOLA/
262,262,262,262,262,Greedy,ARRANGE -Arranging Amplifiers,N,https://www.spoj.com/problems/ARRANGE/
263,263,263,263,263,Greedy,K Centers Problem,N,https://www.geeksforgeeks.org/k-centers-problem-set-1-greedy-approximate-algorithm/
264,264,264,264,264,Greedy,Minimum Cost of ropes,N,https://practice.geeksforgeeks.org/problems/minimum-cost-of-ropes/0
265,265,265,265,265,Greedy,Find smallest number with given number of digits and sum of digits,N,https://practice.geeksforgeeks.org/problems/smallest-number5829/1
266,266,266,266,266,Greedy,Rearrange characters in a string such that no two adjacent are same,N,https://practice.geeksforgeeks.org/problems/rearrange-characters/0
267,267,267,267,267,Greedy,Find maximum sum possible equal sum of three stacks,N,https://www.geeksforgeeks.org/find-maximum-sum-possible-equal-sum-three-stacks/
268,268,268,268,268,,,,
269,269,269,269,269,,,,
270,270,270,270,270,BackTracking,Rat in a maze Problem,Y,https://practice.geeksforgeeks.org/problems/rat-in-a-maze-problem/1
271,271,271,271,271,BackTracking,Printing all solutions in N-Queen Problem,Y,https://www.geeksforgeeks.org/printing-solutions-n-queen-problem/
272,272,272,272,272,BackTracking,Word Break Problem using Backtracking,Y,https://practice.geeksforgeeks.org/problems/word-break-part-2/0
273,273,273,273,273,BackTracking,Remove Invalid Parentheses,N,https://leetcode.com/problems/remove-invalid-parentheses/
274,274,274,274,274,BackTracking,Sudoku Solver,Y,https://practice.geeksforgeeks.org/problems/solve-the-sudoku/0
275,275,275,275,275,BackTracking,m Coloring Problem,Y,https://practice.geeksforgeeks.org/problems/m-coloring-problem/0
276,276,276,276,276,BackTracking,Print all palindromic partitions of a string,N,https://www.geeksforgeeks.org/given-a-string-print-all-possible-palindromic-partition/
277,277,277,277,277,BackTracking,Subset Sum Problem,N,https://practice.geeksforgeeks.org/problems/subset-sum-problem2014/1
278,278,278,278,278,BackTracking,The Knight’s tour problem,N,https://www.geeksforgeeks.org/the-knights-tour-problem-backtracking-1/
279,279,279,279,279,BackTracking,Tug of War,N,https://www.geeksforgeeks.org/tug-of-war/
280,280,280,280,280,BackTracking,Find shortest safe route in a path with landmines,N,https://www.geeksforgeeks.org/find-shortest-safe-route-in-a-path-with-landmines/
281,281,281,281,281,BackTracking,Combinational Sum,N,https://practice.geeksforgeeks.org/problems/combination-sum/0
282,282,282,282,282,BackTracking,Find Maximum number possible by doing at-most K swaps,N,https://practice.geeksforgeeks.org/problems/largest-number-in-k-swaps/0
283,283,283,283,283,BackTracking,Print all permutations of a string ,N,https://practice.geeksforgeeks.org/problems/permutations-of-a-given-string/0
284,284,284,284,284,BackTracking,Find if there is a path of more than k length from a source,N,https://www.geeksforgeeks.org/find-if-there-is-a-path-of-more-than-k-length-from-a-source/
285,285,285,285,285,BackTracking,Longest Possible Route in a Matrix with Hurdles,N,https://www.geeksforgeeks.org/longest-possible-route-in-a-matrix-with-hurdles/
286,286,286,286,286,BackTracking,Print all possible paths from top left to bottom right of a mXn matrix,N,https://www.geeksforgeeks.org/print-all-possible-paths-from-top-left-to-bottom-right-of-a-mxn-matrix/
287,287,287,287,287,BackTracking,Partition of a set intoK subsets with equal sum,N,https://practice.geeksforgeeks.org/problems/partition-array-to-k-subsets/1
288,288,288,288,288,BackTracking,Find the K-th Permutation Sequence of first N natural numbers,N,https://www.geeksforgeeks.org/find-the-k-th-permutation-sequence-of-first-n-natural-numbers/
289,289,289,289,289,,,,
290,290,290,290,290,,,,
291,291,291,291,291,Stacks & Queues, Implement Stack from Scratch,N,https://www.tutorialspoint.com/javaexamples/data_stack.htm
292,292,292,292,292,Stacks & Queues, Implement Queue from Scratch,N,https://www.geeksforgeeks.org/queue-set-1introduction-and-array-implementation/
293,293,293,293,293,Stacks & Queues,Implement 2 stack in an array,N,https://practice.geeksforgeeks.org/problems/implement-two-stacks-in-an-array/1
294,294,294,294,294,Stacks & Queues,find the middle element of a stack,N,https://www.geeksforgeeks.org/design-a-stack-with-find-middle-operation/
295,295,295,295,295,Stacks & Queues,"Implement ""N"" stacks in an Array",N,https://www.geeksforgeeks.org/efficiently-implement-k-stacks-single-array/
296,296,296,296,296,Stacks & Queues,Check the expression has valid or Balanced parenthesis or not.,N,https://practice.geeksforgeeks.org/problems/parenthesis-checker/0
297,297,297,297,297,Stacks & Queues,Reverse a String using Stack,N,https://practice.geeksforgeeks.org/problems/reverse-a-string-using-stack/1
298,298,298,298,298,Stacks & Queues,Design a Stack that supports getMin() in O(1) time and O(1) extra space.,N,https://practice.geeksforgeeks.org/problems/special-stack/1
299,299,299,299,299,Stacks & Queues,Find the next Greater element,N,https://practice.geeksforgeeks.org/problems/next-larger-element/0
300,300,300,300,300,Stacks & Queues,The celebrity Problem,N,https://practice.geeksforgeeks.org/problems/the-celebrity-problem/1
301,301,301,301,301,Stacks & Queues,Arithmetic Expression evaluation,N,https://www.geeksforgeeks.org/arithmetic-expression-evalution/
302,302,302,302,302,Stacks & Queues,Evaluation of Postfix expression,N,https://practice.geeksforgeeks.org/problems/evaluation-of-postfix-expression/0
303,303,303,303,303,Stacks & Queues,Implement a method to insert an element at its bottom without using any other data structure.,N,https://stackoverflow.com/questions/45130465/inserting-at-the-end-of-stack
304,304,304,304,304,Stacks & Queues,Reverse a stack using recursion,N,https://www.geeksforgeeks.org/reverse-a-stack-using-recursion/
305,305,305,305,305,Stacks & Queues,Sort a Stack using recursion,N,https://practice.geeksforgeeks.org/problems/sort-a-stack/1
306,306,306,306,306,Stacks & Queues,Merge Overlapping Intervals,N,https://practice.geeksforgeeks.org/problems/overlapping-intervals/0
307,307,307,307,307,Stacks & Queues,Largest rectangular Area in Histogram,N,https://practice.geeksforgeeks.org/problems/maximum-rectangular-area-in-a-histogram/0
308,308,308,308,308,Stacks & Queues,Length of the Longest Valid Substring,N,https://practice.geeksforgeeks.org/problems/valid-substring0624/1
309,309,309,309,309,Stacks & Queues,Expression contains redundant bracket or not,N,https://www.geeksforgeeks.org/expression-contains-redundant-bracket-not/
310,310,310,310,310,Stacks & Queues,Implement Stack using Queue,N,https://practice.geeksforgeeks.org/problems/stack-using-two-queues/1
311,311,311,311,311,Stacks & Queues,Implement Stack using Deque,N,https://www.geeksforgeeks.org/implement-stack-queue-using-deque/
312,312,312,312,312,Stacks & Queues,Stack Permutations (Check if an array is stack permutation of other),N,https://www.geeksforgeeks.org/stack-permutations-check-if-an-array-is-stack-permutation-of-other/
313,313,313,313,313,Stacks & Queues,Implement Queue using Stack  ,N,https://practice.geeksforgeeks.org/problems/queue-using-two-stacks/1
314,314,314,314,314,Stacks & Queues,"Implement ""n"" queue in an array",N,https://www.geeksforgeeks.org/efficiently-implement-k-queues-single-array/
315,315,315,315,315,Stacks & Queues,Implement a Circular queue,N,https://www.geeksforgeeks.org/circular-queue-set-1-introduction-array-implementation/
316,316,316,316,316,Stacks & Queues,LRU Cache Implementationa,N,https://practice.geeksforgeeks.org/problems/lru-cache/1
317,317,317,317,317,Stacks & Queues,Reverse a Queue using recursion,N,https://practice.geeksforgeeks.org/problems/queue-reversal/1
318,318,318,318,318,Stacks & Queues,Reverse the first “K” elements of a queue,N,https://practice.geeksforgeeks.org/problems/reverse-first-k-elements-of-queue/1
319,319,319,319,319,Stacks & Queues,Interleave the first half of the queue with second half,N,https://www.geeksforgeeks.org/interleave-first-half-queue-second-half/
320,320,320,320,320,Stacks & Queues,Find the first circular tour that visits all Petrol Pumps,N,https://practice.geeksforgeeks.org/problems/circular-tour/1
321,321,321,321,321,Stacks & Queues,Minimum time required to rot all oranges,N,https://practice.geeksforgeeks.org/problems/rotten-oranges/0
322,322,322,322,322,Stacks & Queues,Distance of nearest cell having 1 in a binary matrix,N,https://practice.geeksforgeeks.org/problems/distance-of-nearest-cell-having-1/0
323,323,323,323,323,Stacks & Queues,First negative integer in every window of size “k”,N,https://practice.geeksforgeeks.org/problems/first-negative-integer-in-every-window-of-size-k/0
324,324,324,324,324,Stacks & Queues,Check if all levels of two trees are anagrams or not.,N,https://www.geeksforgeeks.org/check-if-all-levels-of-two-trees-are-anagrams-or-not/
325,325,325,325,325,Stacks & Queues,Sum of minimum and maximum elements of all subarrays of size “k”.,N,https://www.geeksforgeeks.org/sum-minimum-maximum-elements-subarrays-size-k/
326,326,326,326,326,Stacks & Queues,Minimum sum of squares of character counts in a given string after removing “k” characters.,N,https://practice.geeksforgeeks.org/problems/game-with-string/0
327,327,327,327,327,Stacks & Queues,Queue based approach or first non-repeating character in a stream.,N,https://practice.geeksforgeeks.org/problems/first-non-repeating-character-in-a-stream/0
328,328,328,328,328,Stacks & Queues,Next Smaller Element,N,https://www.geeksforgeeks.org/next-smaller-element/
329,329,329,329,329,,,,
330,330,330,330,330,,,,
331,331,331,331,331,Heap,Implement a Maxheap/MinHeap using arrays and recursion.,N,https://www.geeksforgeeks.org/building-heap-from-array/
332,332,332,332,332,Heap,Sort an Array using heap. (HeapSort),N,https://www.geeksforgeeks.org/heap-sort/
333,333,333,333,333,Heap,Maximum of all subarrays of size k.,N,https://www.geeksforgeeks.org/sliding-window-maximum-maximum-of-all-subarrays-of-size-k/
334,334,334,334,334,Heap,“k” largest element in an array,N,https://practice.geeksforgeeks.org/problems/k-largest-elements4206/1
335,335,335,335,335,Heap,Kth smallest and largest element in an unsorted array,N,https://www.geeksforgeeks.org/kth-smallestlargest-element-unsorted-array/
336,336,336,336,336,Heap,Merge “K” sorted arrays. [ IMP ],N,https://practice.geeksforgeeks.org/problems/merge-k-sorted-arrays/1
337,337,337,337,337,Heap,Merge 2 Binary Max Heaps,N,https://practice.geeksforgeeks.org/problems/merge-two-binary-max-heap/0
338,338,338,338,338,Heap,Kth largest sum continuous subarrays,N,https://www.geeksforgeeks.org/k-th-largest-sum-contiguous-subarray/
339,339,339,339,339,Heap,Leetcode- reorganize strings,N,https://leetcode.com/problems/reorganize-string/
340,340,340,340,340,Heap,Merge “K” Sorted Linked Lists [V.IMP],N,https://practice.geeksforgeeks.org/problems/merge-k-sorted-linked-lists/1
341,341,341,341,341,Heap,Smallest range in “K” Lists,N,https://practice.geeksforgeeks.org/problems/find-smallest-range-containing-elements-from-k-lists/1
342,342,342,342,342,Heap,Median in a stream of Integers,N,https://practice.geeksforgeeks.org/problems/find-median-in-a-stream/0
343,343,343,343,343,Heap,Check if a Binary Tree is Heap,N,https://practice.geeksforgeeks.org/problems/is-binary-tree-heap/1
344,344,344,344,344,Heap,Connect “n” ropes with minimum cost,N,https://practice.geeksforgeeks.org/problems/minimum-cost-of-ropes/0
345,345,345,345,345,Heap,Convert BST to Min Heap,N,https://www.geeksforgeeks.org/convert-bst-min-heap/
346,346,346,346,346,Heap,Convert min heap to max heap,N,https://www.geeksforgeeks.org/convert-min-heap-to-max-heap/
347,347,347,347,347,Heap,Rearrange characters in a string such that no two adjacent are same.,N,https://practice.geeksforgeeks.org/problems/rearrange-characters/0
348,348,348,348,348,Heap,Minimum sum of two numbers formed from digits of an array,N,https://practice.geeksforgeeks.org/problems/minimum-sum4058/1
349,349,349,349,349,,,,
350,350,350,350,350,,,,
351,351,351,351,351,Graph,"Create a Graph, print it",Y,https://1drv.ms/t/s!AqTOHFO77CqEiRua06v1PATyiFg5
352,352,352,352,352,Graph,Implement BFS algorithm ,Y,https://practice.geeksforgeeks.org/problems/bfs-traversal-of-graph/1
353,353,353,353,353,Graph,Implement DFS Algo ,Y,https://www.geeksforgeeks.org/depth-first-search-or-dfs-for-a-graph/
354,354,354,354,354,Graph,Detect Cycle in Directed Graph using BFS/DFS Algo ,Y,https://www.geeksforgeeks.org/detect-cycle-in-a-graph/
355,355,355,355,355,Graph,Detect Cycle in UnDirected Graph using BFS/DFS Algo ,Y,https://practice.geeksforgeeks.org/problems/detect-cycle-in-an-undirected-graph/1
356,356,356,356,356,Graph,Search in a Maze,Y,https://practice.geeksforgeeks.org/problems/rat-in-a-maze-problem/1
357,357,357,357,357,Graph,Minimum Step by Knight,Y,https://practice.geeksforgeeks.org/problems/steps-by-knight/0
358,358,358,358,358,Graph,flood fill algo,Y,https://leetcode.com/problems/flood-fill/
359,359,359,359,359,Graph,Clone a graph,N,https://leetcode.com/problems/clone-graph/
360,360,360,360,360,Graph,Making wired Connections,Y,https://leetcode.com/problems/number-of-operations-to-make-network-connected/
361,361,361,361,361,Graph,word Ladder ,Y,https://leetcode.com/problems/word-ladder/
362,362,362,362,362,Graph,Dijkstra algo,Y,https://www.geeksforgeeks.org/dijkstras-shortest-path-algorithm-greedy-algo-7/
363,363,363,363,363,Graph,Implement Topological Sort ,Y,https://practice.geeksforgeeks.org/problems/topological-sort/1
364,364,364,364,364,Graph,Minimum time taken by each job to be completed given by a Directed Acyclic Graph,N,https://www.geeksforgeeks.org/minimum-time-taken-by-each-job-to-be-completed-given-by-a-directed-acyclic-graph/
365,365,365,365,365,Graph,Find whether it is possible to finish all tasks or not from given dependencies,N,https://www.geeksforgeeks.org/find-whether-it-is-possible-to-finish-all-tasks-or-not-from-given-dependencies/
366,366,366,366,366,Graph,Find the no. of Isalnds,N,https://practice.geeksforgeeks.org/problems/find-the-number-of-islands/1
367,367,367,367,367,Graph,"Given a sorted Dictionary of an Alien Language, find order of characters",N,https://practice.geeksforgeeks.org/problems/alien-dictionary/1
368,368,368,368,368,Graph,Implement Kruksal’sAlgorithm,N,https://www.geeksforgeeks.org/kruskals-minimum-spanning-tree-algorithm-greedy-algo-2/
369,369,369,369,369,Graph,Implement Prim’s Algorithm,N,https://www.geeksforgeeks.org/prims-minimum-spanning-tree-mst-greedy-algo-5/
370,370,370,370,370,Graph,Total no. of Spanning tree in a graph,N,https://www.geeksforgeeks.org/total-number-spanning-trees-graph/
371,371,371,371,371,Graph,Implement Bellman Ford Algorithm,N,https://practice.geeksforgeeks.org/problems/negative-weight-cycle/0
372,372,372,372,372,Graph,Implement Floyd warshallAlgorithm,N,https://practice.geeksforgeeks.org/problems/implementing-floyd-warshall/0
373,373,373,373,373,Graph,Travelling Salesman Problem,N,https://www.geeksforgeeks.org/travelling-salesman-problem-set-1/
374,374,374,374,374,Graph,Graph ColouringProblem,N,https://www.geeksforgeeks.org/graph-coloring-applications/
375,375,375,375,375,Graph,Snake and Ladders Problem,N,https://leetcode.com/problems/snakes-and-ladders/
376,376,376,376,376,Graph,Find bridge in a graph,N,https://www.geeksforgeeks.org/bridge-in-a-graph/
377,377,377,377,377,Graph,Count Strongly connected Components(Kosaraju Algo),N,https://practice.geeksforgeeks.org/problems/strongly-connected-components-kosarajus-algo/1
378,378,378,378,378,Graph,Check whether a graph is Bipartite or Not,N,https://www.geeksforgeeks.org/bipartite-graph/
379,379,379,379,379,Graph,Detect Negative cycle in a graph,N,https://www.geeksforgeeks.org/detect-negative-cycle-graph-bellman-ford/
380,380,380,380,380,Graph,Longest path in a Directed Acyclic Graph,N,https://www.geeksforgeeks.org/find-longest-path-directed-acyclic-graph/
381,381,381,381,381,Graph,Journey to the Moon,N,https://www.hackerrank.com/challenges/journey-to-the-moon/problem
382,382,382,382,382,Graph,Cheapest Flights Within K Stops,N,https://leetcode.com/problems/cheapest-flights-within-k-stops/description/
383,383,383,383,383,Graph,Oliver and the Game,N,https://www.hackerearth.com/practice/algorithms/graphs/topological-sort/practice-problems/algorithm/oliver-and-the-game-3/
384,384,384,384,384,Graph,Water Jug problem using BFS,N,https://www.geeksforgeeks.org/water-jug-problem-using-bfs/
385,385,385,385,385,Graph,Water Jug problem using BFS,N,https://www.geeksforgeeks.org/water-jug-problem-using-bfs/
386,386,386,386,386,Graph,Find if there is a path of more thank length from a source,N,https://www.geeksforgeeks.org/find-if-there-is-a-path-of-more-than-k-length-from-a-source/
387,387,387,387,387,Graph,M-ColouringProblem,N,https://practice.geeksforgeeks.org/problems/m-coloring-problem/0
388,388,388,388,388,Graph,Minimum edges to reverse o make path from source to destination,N,https://www.geeksforgeeks.org/minimum-edges-reverse-make-path-source-destination/
389,389,389,389,389,Graph,Paths to travel each nodes using each edge(Seven Bridges),N,https://www.geeksforgeeks.org/paths-travel-nodes-using-edgeseven-bridges-konigsberg/
390,390,390,390,390,Graph,Vertex Cover Problem,N,https://www.geeksforgeeks.org/vertex-cover-problem-set-1-introduction-approximate-algorithm-2/
391,391,391,391,391,Graph,Chinese Postman or Route Inspection,N,https://www.geeksforgeeks.org/chinese-postman-route-inspection-set-1-introduction/
392,392,392,392,392,Graph,Number of Triangles in a Directed and Undirected Graph,N,https://www.geeksforgeeks.org/number-of-triangles-in-directed-and-undirected-graphs/
393,393,393,393,393,Graph,Minimise the cashflow among a given set of friends who have borrowed money from each other,N,https://www.geeksforgeeks.org/minimize-cash-flow-among-given-set-friends-borrowed-money/
394,394,394,394,394,Graph,Two Clique Problem,N,https://www.geeksforgeeks.org/two-clique-problem-check-graph-can-divided-two-cliques/
395,395,395,395,395,,,,
396,396,396,396,396,,,,
397,397,397,397,397,Trie,Construct a trie from scratch,N,https://www.geeksforgeeks.org/trie-insert-and-search/
398,398,398,398,398,Trie,Find shortest unique prefix for every word in a given list,N,https://www.geeksforgeeks.org/find-all-shortest-unique-prefixes-to-represent-each-word-in-a-given-list/
399,399,399,399,399,Trie,Word Break Problem | (Trie solution),N,https://www.geeksforgeeks.org/word-break-problem-trie-solution/
400,400,400,400,400,Trie,"Given a sequence of words, print all anagrams together",N,https://practice.geeksforgeeks.org/problems/k-anagrams-1/0
401,401,401,401,401,Trie,Implement a Phone Directory,N,https://practice.geeksforgeeks.org/problems/phone-directory/0
402,402,402,402,402,Trie,Print unique rows in a given boolean matrix,N,https://practice.geeksforgeeks.org/problems/unique-rows-in-boolean-matrix/1
403,403,403,403,403,,,,
404,404,404,404,404,,,,
405,405,405,405,405,Dynamic Programming,Coin ChangeProblem,N,https://practice.geeksforgeeks.org/problems/coin-change2448/1
406,406,406,406,406,Dynamic Programming,Knapsack Problem,N,https://practice.geeksforgeeks.org/problems/0-1-knapsack-problem/0
407,407,407,407,407,Dynamic Programming,Binomial CoefficientProblem,N,https://practice.geeksforgeeks.org/problems/ncr1019/1
408,408,408,408,408,Dynamic Programming,Permutation CoefficientProblem,N,https://www.geeksforgeeks.org/permutation-coefficient/
409,409,409,409,409,Dynamic Programming,Program for nth Catalan Number,N,https://www.geeksforgeeks.org/program-nth-catalan-number/
410,410,410,410,410,Dynamic Programming,Matrix Chain Multiplication ,N,https://www.geeksforgeeks.org/matrix-chain-multiplication-dp-8/
411,411,411,411,411,Dynamic Programming,Edit Distance,N,https://practice.geeksforgeeks.org/problems/edit-distance3702/1
412,412,412,412,412,Dynamic Programming,Subset Sum Problem,N,https://practice.geeksforgeeks.org/problems/subset-sum-problem2014/1
413,413,413,413,413,Dynamic Programming,Friends Pairing Problem,N,https://practice.geeksforgeeks.org/problems/friends-pairing-problem5425/1
414,414,414,414,414,Dynamic Programming,Gold Mine Problem,N,https://www.geeksforgeeks.org/gold-mine-problem/
415,415,415,415,415,Dynamic Programming,Assembly Line SchedulingProblem,N,https://www.geeksforgeeks.org/assembly-line-scheduling-dp-34/
416,416,416,416,416,Dynamic Programming,Painting the Fenceproblem,N,https://practice.geeksforgeeks.org/problems/painting-the-fence3727/1
417,417,417,417,417,Dynamic Programming,Maximize The Cut Segments,N,https://practice.geeksforgeeks.org/problems/cutted-segments/0
418,418,418,418,418,Dynamic Programming,Longest Common Subsequence,N,https://practice.geeksforgeeks.org/problems/longest-common-subsequence/0
419,419,419,419,419,Dynamic Programming,Longest Repeated Subsequence,N,https://practice.geeksforgeeks.org/problems/longest-repeating-subsequence/0
420,420,420,420,420,Dynamic Programming,Longest Increasing Subsequence,N,https://practice.geeksforgeeks.org/problems/longest-increasing-subsequence/0
421,421,421,421,421,Dynamic Programming,Space Optimized Solution of LCS,N,https://www.geeksforgeeks.org/space-optimized-solution-lcs/
422,422,422,422,422,Dynamic Programming,LCS (Longest Common Subsequence) of three strings,N,https://practice.geeksforgeeks.org/problems/lcs-of-three-strings/0
423,423,423,423,423,Dynamic Programming,Maximum Sum Increasing Subsequence,N,https://practice.geeksforgeeks.org/problems/maximum-sum-increasing-subsequence4749/1
424,424,424,424,424,Dynamic Programming,Count all subsequences having product less than K,N,https://www.geeksforgeeks.org/count-subsequences-product-less-k/
425,425,425,425,425,Dynamic Programming,Longest subsequence such that difference between adjacent is one,N,https://practice.geeksforgeeks.org/problems/longest-subsequence-such-that-difference-between-adjacents-is-one4724/1
426,426,426,426,426,Dynamic Programming,Maximum subsequence sum such that no three are consecutive,N,https://www.geeksforgeeks.org/maximum-subsequence-sum-such-that-no-three-are-consecutive/
427,427,427,427,427,Dynamic Programming,Egg Dropping Problem,N,https://practice.geeksforgeeks.org/problems/egg-dropping-puzzle/0
428,428,428,428,428,Dynamic Programming,Maximum Length Chain of Pairs,N,https://practice.geeksforgeeks.org/problems/max-length-chain/1
429,429,429,429,429,Dynamic Programming,Maximum size square sub-matrix with all 1s,N,https://practice.geeksforgeeks.org/problems/largest-square-formed-in-a-matrix/0
430,430,430,430,430,Dynamic Programming,Maximum sum of pairs with specific difference,N,https://practice.geeksforgeeks.org/problems/pairs-with-specific-difference/0
431,431,431,431,431,Dynamic Programming,Min Cost PathProblem,N,https://practice.geeksforgeeks.org/problems/path-in-matrix3805/1
432,432,432,432,432,Dynamic Programming,Maximum difference of zeros and ones in binary string,N,https://practice.geeksforgeeks.org/problems/maximum-difference-of-zeros-and-ones-in-binary-string4111/1
433,433,433,433,433,Dynamic Programming,Minimum number of jumps to reach end,Y,https://practice.geeksforgeeks.org/problems/minimum-number-of-jumps/0
434,434,434,434,434,Dynamic Programming,Minimum cost to fill given weight in a bag,N,https://practice.geeksforgeeks.org/problems/minimum-cost-to-fill-given-weight-in-a-bag1956/1
435,435,435,435,435,Dynamic Programming,Minimum removals from array to make max –min <= K,N,https://www.geeksforgeeks.org/minimum-removals-array-make-max-min-k/
436,436,436,436,436,Dynamic Programming,Longest Common Substring,N,https://practice.geeksforgeeks.org/problems/longest-common-substring/0
437,437,437,437,437,Dynamic Programming,Count number of ways to reacha given score in a game,N,https://practice.geeksforgeeks.org/problems/reach-a-given-score/0
438,438,438,438,438,Dynamic Programming,Count Balanced Binary Trees of Height h,N,https://practice.geeksforgeeks.org/problems/bbt-counter/0
439,439,439,439,439,Dynamic Programming,LargestSum Contiguous Subarray [V>V>V>V IMP ],N,https://practice.geeksforgeeks.org/problems/kadanes-algorithm/0
440,440,440,440,440,Dynamic Programming,Smallest sum contiguous subarray,N,https://www.geeksforgeeks.org/smallest-sum-contiguous-subarray/
441,441,441,441,441,Dynamic Programming,Unbounded Knapsack (Repetition of items allowed),N,https://practice.geeksforgeeks.org/problems/knapsack-with-duplicate-items4201/1
442,442,442,442,442,Dynamic Programming,Word Break Problem,N,https://practice.geeksforgeeks.org/problems/word-break/0
443,443,443,443,443,Dynamic Programming,Largest Independent Set Problem,N,https://www.geeksforgeeks.org/largest-independent-set-problem-dp-26/
444,444,444,444,444,Dynamic Programming,Partition problem,N,https://practice.geeksforgeeks.org/problems/subset-sum-problem2014/1
445,445,445,445,445,Dynamic Programming,Longest Palindromic Subsequence,N,https://www.geeksforgeeks.org/longest-palindromic-subsequence-dp-12/
446,446,446,446,446,Dynamic Programming,Count All Palindromic Subsequence in a given String,N,https://practice.geeksforgeeks.org/problems/count-palindromic-subsequences/1
447,447,447,447,447,Dynamic Programming,Longest Palindromic Substring,N,https://leetcode.com/problems/longest-palindromic-substring/
448,448,448,448,448,Dynamic Programming,Longest alternating subsequence,N,https://practice.geeksforgeeks.org/problems/longest-alternating-subsequence/0
449,449,449,449,449,Dynamic Programming,Weighted Job Scheduling,N,https://www.geeksforgeeks.org/weighted-job-scheduling/
450,450,450,450,450,Dynamic Programming,Coin game winner where every player has three choices,N,https://www.geeksforgeeks.org/coin-game-winner-every-player-three-choices/
451,451,451,451,451,Dynamic Programming,Count Derangements (Permutation such that no element appears in its original position) [ IMPORTANT ],N,https://www.geeksforgeeks.org/count-derangements-permutation-such-that-no-element-appears-in-its-original-position/
452,452,452,452,452,Dynamic Programming,Maximum profit by buying and selling a share at most twice [ IMP ],N,https://www.geeksforgeeks.org/maximum-profit-by-buying-and-selling-a-share-at-most-twice/
453,453,453,453,453,Dynamic Programming,Optimal Strategy for a Game,Y,https://practice.geeksforgeeks.org/problems/optimal-strategy-for-a-game/0
454,454,454,454,454,Dynamic Programming,Optimal Binary Search Tree,N,https://www.geeksforgeeks.org/optimal-binary-search-tree-dp-24/
455,455,455,455,455,Dynamic Programming,Palindrome PartitioningProblem,N,https://practice.geeksforgeeks.org/problems/palindromic-patitioning4845/1
456,456,456,456,456,Dynamic Programming,Word Wrap Problem,N,https://practice.geeksforgeeks.org/problems/word-wrap/0
457,457,457,457,457,Dynamic Programming,Mobile Numeric Keypad Problem [ IMP ],N,https://practice.geeksforgeeks.org/problems/mobile-numeric-keypad5456/1
458,458,458,458,458,Dynamic Programming,Boolean Parenthesization Problem,N,https://practice.geeksforgeeks.org/problems/boolean-parenthesization/0
459,459,459,459,459,Dynamic Programming,Largest rectangular sub-matrix whose sum is 0,N,https://www.geeksforgeeks.org/largest-rectangular-sub-matrix-whose-sum-0/
460,460,460,460,460,Dynamic Programming,Largest area rectangular sub-matrix with equal number of 1’s and 0’s [ IMP ],N,https://www.geeksforgeeks.org/largest-area-rectangular-sub-matrix-equal-number-1s-0s/
461,461,461,461,461,Dynamic Programming,Maximum sum rectangle in a 2D matrix,N,https://practice.geeksforgeeks.org/problems/maximum-sum-rectangle/0
462,462,462,462,462,Dynamic Programming,Maximum profit by buying and selling a share at most k times,N,https://practice.geeksforgeeks.org/problems/maximum-profit4657/1
463,463,463,463,463,Dynamic Programming,Find if a string is interleaved of two other strings,N,https://practice.geeksforgeeks.org/problems/interleaved-strings/1
464,464,464,464,464,Dynamic Programming,Maximum Length of Pair Chain,N,https://leetcode.com/problems/maximum-length-of-pair-chain/
465,465,465,465,465,,,,
466,466,466,466,466,,,,
467,467,467,467,467,Bit Manipulation,Count set bits in an integer,N,https://practice.geeksforgeeks.org/problems/set-bits0143/1
468,468,468,468,468,Bit Manipulation,Find the two non-repeating elements in an array of repeating elements,N,https://practice.geeksforgeeks.org/problems/finding-the-numbers0215/1
469,469,469,469,469,Bit Manipulation,Count number of bits to be flipped to convert A to B,N,https://practice.geeksforgeeks.org/problems/bit-difference/0
470,470,470,470,470,Bit Manipulation,Count total set bits in all numbers from 1 to n,N,https://practice.geeksforgeeks.org/problems/count-total-set-bits/0
471,471,471,471,471,Bit Manipulation,Program to find whether a no is power of two,N,https://practice.geeksforgeeks.org/problems/power-of-2/0
472,472,472,472,472,Bit Manipulation,Find position of the only set bit,N,https://practice.geeksforgeeks.org/problems/find-position-of-set-bit3706/1
473,473,473,473,473,Bit Manipulation,Copy set bits in a range,N,https://www.geeksforgeeks.org/copy-set-bits-in-a-range/
474,474,474,474,474,Bit Manipulation,"Divide two integers without using multiplication, division and mod operator",N,https://www.geeksforgeeks.org/divide-two-integers-without-using-multiplication-division-mod-operator/
475,475,475,475,475,Bit Manipulation,"Calculate square of a number without using *, / and pow()",N,https://www.geeksforgeeks.org/calculate-square-of-a-number-without-using-and-pow/
476,476,476,476,476,Bit Manipulation,Power Set,N,https://practice.geeksforgeeks.org/problems/power-set4302/1
